ID,Answer
0,白色羽毛
1,《諸羅縣志》
2,袁晁
3,柏林陸軍學院
4,一局特殊的決勝局結束一盤比賽
5,孫銘武
6,1884年
7,西漢的版圖向西擴張
8,巴黎
9,起到醜化對手
10,周星馳
11,三中老
12,整個站體都位於天橋上的車站
13,科學的傳奇
14,2004年
15,硫化氫
16,華萊士
17,外面的部份溫度會比內部核心的低
18,經濟
19,100公里
20,愛爾蘭語
21,荷蘭
22,硫磺
23,塞爾維亞反對黨
24,1910年代
25,外交活動
26,拉丁文
27,猶太基督徒
28,1964年
29,校長霍克菲爾德
30,文化大革命爆發
31,《希臘、羅馬名人傳》
32,灣仔
33,東南
34,形容一種無限制的、自私、而野蠻的競爭情況
35,1964年
36,新北市
37,小白宮
38,沒有任何示威申請得到當局通過
39,南人
40,宋端宗
41,四千名
42,46億年
43,1070年
44,國民養老保險法
45,四牌樓
46,1929年
47,全息照片郵票
48,1932年
49,大型購物中心[UNK]開幕後
50,康熙帝
51,武漢水利電力大學
52,1960年代
53,亞歷山大一世被刺殺
54,紐約市
55,基督教
56,預覽阿爾法版本
57,100萬
58,新北市
59,佔領行動
60,路易十五
61,中國國民黨
62,中生代侏羅紀
63,阿拉貢國王卡洛斯三世
64,熱帶雨林氣候
65,意圖完全擺脫漢朝的控制
66,蔣中正
67,東漢
68,前三點起落架
69,弘治十二年
70,中國
71,1996年
72,社會主義
73,氦
74,經過依納爵長久的薰陶，沙勿略的思想也逐漸改變了，便加入了追隨依納爵的行列
75,都市高速公路、城際高速公路、其他的快速道路。在中國，因為行政管理體制的區別，公路是由交通運輸部
76,信百貨公司大樓
77,朱少文
78,羽柴秀吉
79,俾斯麥
80,金泳三
81,1958年
82,靈魂
83,科龍港
84,蓋爾人
85,十二平均律
86,西漢元封二年
87,隋滅南陳
88,佛教
89,1861年
90,豐臣秀吉
91,三吳地區
92,以色列
93,大躍進運動
94,武漢水利電力大學
95,蘇利南
96,1934年
97,檸檬酸咖啡因療法
98,1913年
99,1949年
100,大象
101,1915年
102,1813年
103,有絲分裂
104,美國
105,高盧帝國收復
106,仁祖
107,十個
108,佛學論書
109,臺中高農
110,歐登堡
111,三天
112,1944年
113,安娜·德·薩伏伊
114,咸豐帝
115,哈林河
116,孟加拉
117,韓國當代音樂分為傳統音樂和西洋音樂
118,中原
119,60
120,威廉·洛厄爾·普特南
121,中華人民共和國主席
122,德國人
123,陳寅恪
124,陽原王
125,複雜及未標準化
126,二千九百公尺，垂直高四百公尺
127,1939年
128,害怕德軍在東線戰線上沒有足夠兵力應付俄國
129,福建林家
130,用來運貨
131,公民權
132,西人黨
133,2015年
134,臺北
135,查莫洛人
136,杭縣
137,蘇聯國旗
138,38%
139,1941年
140,多腔磁控管雷達技術
141,點石齋畫報
142,南越地區
143,1988年
144,上吊方式
145,吉米卡特
146,朗蔚之
147,《布告各省公啟》
148,阿拉里克
149,德蘇戰爭
150,髒層
151,工業國家
152,1949年
153,西德
154,清光緒十七年
155,「雕像」
156,持續政治與社會上的強勢控制
157,65000平方公里
158,乙醚
159,唐太宗
160,卡爾梅克人
161,1969年10月17日
162,63位
163,副大法官，那個時代典型的裙帶關係。1468年，領受鐸品成為神父，然後在1471年，祝聖為天主教阿爾巴諾羅馬城郊教區主教
164,古希臘時代
165,盧安達語
166,自政府填海造地
167,蔣中正
168,農民
169,網景通訊公司
170,8月30日
171,1999年
172,《天淨沙》
173,七十年代
174,公元68年
175,趙佗
176,腦
177,岑智明
178,普魯士大獲全勝
179,公元前362年
180,創建強力政府
181,28歲
182,2000年10月
183,保加利亞
184,三大優點：便利使用
185,10度
186,自由黨
187,亞非
188,波士頓
189,1992年
190,下旋球
191,箱館裁判所
192,明朝
193,文藝復興
194,2000年
195,1998年
196,道縣玉蟾岩
197,德國
198,森林
199,阿森納女子足球俱樂部
200,多黨制
201,較有消費能力的居民
202,1920年
203,美元
204,多倫多
205,在軌道上驅動列車
206,彌爾
207,中央情報局
208,艾瑪·史東
209,在時域上數學形式為連續函式的訊號
210,韓國風格，然後傳播到日本
211,亞歷山大一世
212,威尼斯影展
213,熱帶
214,新北市
215,聯盟合作
216,甲午戰爭
217,克孜勒
218,主持一線工作
219,好在歷史是人民寫的
220,美觀
221,南屯區
222,西部
223,1982年
224,1449年
225,王朝、神靈和上天
226,塔特拉山的格爾拉赫峰
227,國立廣東大學
228,美國發明家
229,2006年
230,沒有
231,《人體器官移植條例》
232,1262年
233,為增加米、糖等農作物產量
234,三倍
235,耗盡了核心的氫燃料，質量大於0.4太陽質量
236,颱風
237,2016年
238,1968年
239,第六
240,「第一所美式大學」
241,鋁土礦
242,萬神廟
243,布農族
244,黑死病
245,2007年
246,赫爾伯特·查普曼
247,受到社會普遍的譴責
248,2009年
249,芝加哥公牛隊
250,溥[UNK]
251,副主席
252,決勝局必定是單數局
253,廣東省政府委員會
254,韓國遊戲
255,1951年
256,漢語拼音方案
257,1984年
258,高架車站
259,下薩克森邦
260,法蘭西第二帝國
261,為菲律賓富商工作的工資
262,全勝
263,利用小型雷達測距儀追蹤目標的距離，協助飛行員找到最佳射擊時機，提高一般飛行員的命中率
264,哥白尼日心說
265,濃度低
266,汪東興
267,明朝
268,1848年
269,1954年
270,1997年
271,共同民主黨
272,《南華早報》
273,麻痺嗅覺神經
274,佛像
275,阿聯
276,交通基建
277,步兵師
278,田川氏
279,以天狼星在東方地平線的出現
280,自律心肌細胞
281,1961年
282,德語地區
283,離島機場
284,1237年
285,君士坦丁
286,晉恭帝
287,奧地利
288,美國律師協會
289,1654年
290,清代
291,美川王
292,胡安·林茲
293,日本
294,1967年
295,較老的
296,司馬休之
297,鈣離子
298,383年
299,羅納爾迪尼奧
300,秦軍對峙[UNK]水
301,火山活動
302,利奧三世
303,拉丁字母
304,要提升飛機的飛行安全，降低因為鋼纜或者是滑輪等裝置失效導致失去控制的問題
305,丁基羥基甲苯
306,中緬大戰
307,斯德哥爾摩
308,第三紀中新世
309,中華民國
310,高麗時期
311,靳雲鵬
312,1958年
313,《馬德里議定書》
314,1083種
315,曹魏故都智慧之旅
316,亞德港
317,布爾什維克革命
318,金本位制度
319,邊沁
320,感光細胞
321,1928年
322,商品期貨
323,十多個
324,300美元
325,楊宇霆
326,貴州省最大的體育場所[UNK]「貴陽市體育場」。發展體育之事，在當時的民眾看來，雖然是件新鮮事，但並沒有得到民眾的一致認同
327,元世祖
328,混合動力自行車
329,數學
330,亞熱帶季風氣候
331,經濟
332,長度
333,朱一貴
334,從事農業生產
335,失分
336,銃炮
337,1959年
338,1980年代
339,凱·艾維州長
340,[UNK]人國
341,1980年
342,希伯來文
343,第四心音
344,2010年
345,武漢
346,1868年
347,托土拉島
348,中華民國
349,倫敦大學
350,1970年代中期
351,岡仁波齊峰
352,1972年
353,突厥語民族
354,三菱重工業長崎造船廠
355,南斯拉夫社會主義聯邦共和國
356,以達到成為非洲主要經濟體的目標
357,硫
358,與丹尼索瓦人混血
359,忽必烈
360,中國
361,2000年
362,蝸牛狀
363,俄國
364,1955年
365,韓國
366,維京戈達島
367,1956年
368,史都華中校
369,1910年
370,突厥
371,阿摩訶末時期崛起，該國訛答剌地方大臣海兒汗亦納勒術前後兩次屠殺蒙古商隊並侮辱蒙古使臣
372,1988年
373,2011年
374,通過非暴力方式反對環境破壞行為，將問題帶到公眾前辯論
375,巴爾的摩
376,中華民國政府
377,社團部
378,他早年違反了一次，導致摩根神父威脅如果再犯就中斷他的大學生涯
379,電子郵件
380,孔子
381,楊浦區大連路的地鐵站2號口
382,2005年
383,中國的死囚器官捐獻出售是灰色地帶，以隱性狀態非公開方式普遍進行
384,貝拉明
385,60年代
386,雙循環泵
387,1809年
388,英鎊遭到擠兌
389,民國32年
390,害怕德軍在東線戰線上沒有足夠兵力應付俄國
391,幅員遼闊
392,盟旗制
393,受到材料與設計的影響
394,國家起源說
395,斯姆威爾茲
396,台中軟體園區
397,宣統三年九月十九日
398,1991年
399,三國史記
400,第二次工業革命
401,突厥語
402,拉海納則是島上的主要商業中心，市區有一條滿布商店和餐廳的大街直通碼頭
403,約翰·坎貝爾
404,8小時
405,百變天后
406,民國16年
407,國立廣東大學
408,亞伯拉罕諸教
409,六億七千多萬美金
410,妖怪
411,專家
412,中文
413,硫化氫
414,非常混亂
415,阿爾泰語系
416,皇太極
417,信陽市
418,5000至7000名
419,美國空軍准將
420,質量
421,科技
422,媽祖
423,鮑德溫伯爵
424,計劃委員會
425,15米
426,葛摩
427,武騎尉
428,八公分
429,2015年12月1日
430,太陽
431,那拉氏
432,辛酉政變
433,銅的礦物
434,統一企業
435,2456293.520833
436,生物學研究
437,陳誠
438,孫中山
439,與德國單獨媾和
440,德國的進出口貿易
441,九一八事變
442,1978年
443,天皇
444,731美元
445,莫比爾
446,嘉義市
447,對保護農業生產也起了較大作用
448,肺呼氣機制
449,五角星
450,波斯薩珊王朝
451,航海貿易中心
452,埃姆斯蘭高速公路阿31
453,匿蹤性能較佳
454,中國共產黨中央政治局常務委員會
455,1919年
456,一條簡單的直線
457,236路車
458,盟旗制
459,臺南州
460,布朗茜
461,南緯30度
462,一次大戰期間
463,大滿貫男子單打比賽
464,中華人民共和國
465,保守派
466,昇陽電腦公司
467,《全唐詩》
468,1912年
469,1982年
470,七年
471,奧地利
472,貝爾實驗室
473,陳奕迅
474,吳三連
475,1917年
476,米勒
477,1月8日
478,掃雷艇部隊
479,1301年海都聯軍被海山和晉王甘麻剌擊潰
480,多黨制
481,民國15年
482,80年代
483,公元前第一個千年的中期。大約在這個時期梵語開始從宗教和學習的第一語言轉變為第二語言，這標誌著古典時期的開始
484,東晉時期
485,線傳飛控
486,光明星4號
487,烏孜別克人
488,2555公里
489,第二次國共內戰
490,118年
491,茲維亞德·加姆薩胡爾季阿
492,以避免造成路口交通不暢
493,小口徑速射炮
494,荀子
495,明朝
496,7年
497,雙北合作交流平台
498,與動力系統結合，將過去兩個分離的系統的控制整合使用
499,中國政法大學
500,瑪黛茶
501,當時防空海報
502,鈉鹽
503,江戶時代
504,民國4年12月25日
505,西格里
506,1992年
507,軍政
508,貝爾根
509,太白
510,朱允[UNK]
511,十億韓國
512,低稅賦
513,小選舉區制
514,科索沃
515,「反對資產階級自由化」運動
516,自由放任
517,工業發酵
518,四年
519,段祺瑞
520,湯瑪斯伊格頓
521,溪南
522,1919年
523,蝸頂
524,戰後
525,3%
526,利用小型雷達測距儀追蹤目標的距離
527,1975年
528,氫硫酸
529,軍事冒險主義
530,使編輯長頁面更容易
531,黨費
532,在同一個生物體中可能同時有雄性及雌性的生殖器官
533,經濟建設
534,《實業部組織法》
535,港式酒樓
536,社會政治運動
537,帕吉勒提河
538,「西南美麗的地方」
539,「天」的至高無上
540,開羅
541,2013年
542,林紹良
543,1955年
544,多倫多國際電影節
545,公元前一世紀
546,柵欄
547,1898年
548,老虎
549,狄拉克
550,唐太宗
551,健康寫實電影
552,1956年7月
553,紅矮星
554,中生代
555,伊爾庫茨克國立大學
556,鐵木真
557,23406人
558,1789年
559,兩個
560,臺灣省臺北市
561,日占時期
562,藝聲
563,馬[UNK]
564,總兵官
565,《金驢記》
566,哈大客運專線
567,漢風魏韻
568,自然科學
569,反文化運動
570,英國
571,唐文宗
572,轟炸機
573,利用小型雷達測距儀追蹤目標的距離，協助飛行員找到最佳射擊時機，提高一般飛行員的命中率
574,義大利
575,中世紀
576,聽放線
577,刺史
578,18個
579,至元三十年
580,保守派
581,貝加爾湖
582,陶瓷
583,1980年代
584,法國
585,西佛羅里達
586,1997年
587,大部分驛站在今甘肅省境內
588,3年
589,聖母大學
590,1949年
591,101公里
592,國務院常務會議
593,20倍
594,喬治亞共和國
595,1943年
596,全面性戰爭
597,完全臀位
598,聯邦憲法未指明屬聯邦政府之權力
599,韓國
600,氯仿
601,土耳其人
602,瀕危物種
603,越戰
604,公民權
605,可再生能源發電
606,極端大陸性氣候
607,臺灣省臺北市
608,1928年
609,法國電信
610,霍布斯
611,1897年
612,中山盛產海鹽
613,華北財經辦事處
614,市場分析
615,上海南站
616,2001
617,家庭喜劇片
618,支持者
619,男子
620,反對建文帝削藩
621,麻省理工建築與規劃學院
622,朱熹
623,自由民主黨
624,傳播色情
625,[UNK]
626,大連
627,第五區
628,最古老的活躍軍事單位
629,1982年
630,漢武帝
631,忠清北道
632,要求蘇方撤軍
633,巴黎聖母院
634,西方文明開始衝擊朝鮮半島
635,東晉常[UNK]
636,1936年
637,預言
638,非商用
639,五桂山
640,真鯛
641,嘉義市
642,一級產業
643,29個
644,民國31年
645,10月23日
646,《希臘、羅馬名人傳》
647,固有詞
648,第二次世界大戰
649,5000噸級
650,敘利亞
651,2015年年底
652,古漢語
653,22年
654,阿列克修斯三世的女婿阿列克修斯·杜卡斯
655,汪達爾人
656,喜馬拉雅山脈
657,1937年
658,1964年
659,高麗
660,油氣開發
661,100公里的高度
662,明孝宗
663,周邊地區
664,第一區置車里縣，第二區置五福縣，第三區置佛海縣，第四區
665,1925年
666,照射紫外線
667,九一八事變
668,春秋
669,對大自然的崇拜
670,馬祖
671,1899年
672,牟定縣
673,尼布楚條約
674,中央窩
675,利奧三世
676,「殖民主義
677,奧德
678,181米
679,2000公厘
680,自主性
681,喬治麥克萊倫
682,赤城鎮政府街1號
683,纖維心包
684,羅非魚
685,潘普洛納
686,52眼長白山優質天然礦泉
687,1848年
688,《臺灣府志》
689,埃及
690,第八位
691,盤中戰至6比6時
692,民國39年
693,河南省郵電印刷廠
694,法國
695,超新星
696,全斗煥
697,2007年
698,[UNK][UNK].von[UNK]
699,司法結構
700,420年
701,軍隊編制問題
702,丁日昌
703,韓國
704,1980年代
705,何韻詩
706,1927年
707,婆羅摩笈多
708,2009年
709,湘西土家族苗族自治州
710,許貢
711,減少咖啡豆裡的咖啡因含量
712,北魏孝文帝
713,李定國
714,22條
715,公共健康與醫學領域
716,《新基本法令》
717,1962年
718,洪武三十一年
719,共產黨
720,奧匈帝國
721,突厥汗國
722,白矮星
723,咖啡因
724,司馬元顯
725,階梯狀
726,漳州人
727,6個小時
728,1866年
729,憲法
730,嚴濟慈
731,90年代
732,金日成
733,第5
734,愛德華·懷克-史密斯
735,西班牙瓦倫西亞
736,1787年
737,王保保
738,復仇
739,1898年
740,守舊派
741,蘇聯
742,端敬王后
743,中生代
744,約瑟夫史達林
745,中華人民共和國
746,從未修改國會選區
747,抑制人口增加
748,蘇聯遠東軍
749,全國人民代表大會
750,福建社團聯會
751,水委一
752,可加強土壤的養份。據台灣農業改良會研究，在排水良好的稻田中，就地掩埋稻草，能對第一期作水稻增產10％
753,推行反共政策
754,2.7％
755,日本
756,分子雲內部
757,鮮卑部落
758,法蘭西人
759,1918年
760,1939年
761,東三省巡閱使衛隊旅旅長
762,巴黎條約
763,1970年
764,威斯康辛大學麥迪遜分校
765,在乾燥
766,麻赫穆德·喀什噶里
767,奢侈品
768,兩個分組賽階段的資格賽賽制
769,魯迅
770,民國16年
771,13世紀
772,「三監之亂」
773,周恩來
774,馬略一
775,至元十三年
776,磷化氫
777,60年代
778,圖西族
779,聖餐持紀念說
780,非暴力實踐空腹死刑
781,三國志
782,地心說
783,長沙太守
784,熱遲滯現象：在[UNK]會熔化
785,1978年
786,上海
787,比利時
788,濃硫酸
789,每一種事物都是由原子所組成的
790,兄弟國的盟約
791,2011年
792,硫礦
793,1979年
794,義大利
795,農業
796,卡拉恰伊湖
797,宋理宗趙昀
798,汪達爾-阿蘭王國
799,臺北
800,共和黨
801,日本
802,二戰
803,1976年
804,上海
805,1949年
806,麻省理工學院
807,階級社會
808,1920年代
809,部隊局
810,1449年
811,1986年
812,隆武帝
813,第一次世界大戰
814,孫叔敖
815,《斯納格的奇妙大陸》
816,雙汗制
817,78歲
818,半軍事管制
819,原中華全國體育協進會改為中華全國體育總會
820,恆星自轉
821,人文關懷
822,1956年
823,產假和保護婦女兒童權利法
824,軍閥混戰
825,中國共產黨解放軍
826,韓國
827,人民頻繁的遷移
828,公元前12世紀到前2世紀
829,對境外落地的信號實施地面頻道干擾
830,以保證共和派控制國民議會
831,匈牙利
832,1979年
833,高句麗
834,蘇區
835,臺北縣改制新北市
836,太陽
837,1940年
838,妖怪學
839,1987年
840,[UNK][UNK]
841,汾河
842,關漢卿
843,湯玉麟
844,陳平順
845,主序帶
846,厄德
847,整個站體都位於天橋上的車站
848,1955年
849,全蒙古是中國的一部分
850,金石並用時代
851,天皇
852,朝鮮白頭山
853,德國人
854,2013年
855,羅馬帝國
856,重力
857,外邦人
858,演化是生存競爭中自由淘汰的結果
859,1987年
860,韓國
861,王孝通
862,盧安達愛國陣線掌權後，盧安達開始尋求與鄰近的東非國家以及英語世界國家建立更為密切的關係。
863,法文老師
864,阿瓦魯阿
865,廉興
866,基因特質
867,印地語
868,奧古斯丁
869,康熙帝
870,長高約八公分
871,潛伏期
872,民國43年
873,地質類學科專業
874,副校長
875,咖啡因
876,瓦倫提尼安一世
877,2000年6月
878,韓國高鐵將高速公路
879,美西戰爭
880,尊漢思想
881,蒂羅爾
882,女祭司
883,供應服務過多
884,「1910年革命
885,洛邑
886,元代
887,杜慧度
888,憲政改革
889,英國
890,斯塔福德郡
891,義熙十四年
892,劉少奇
893,2002年
894,大學4年
895,作為天候變異、災禍預知、社會秩序以及超自然現象的合理化解釋
896,東德使館
897,冷戰時期
898,1961年到1970年
899,黑洞
900,顯微注射
901,馬可波羅
902,新羅馬
903,上海鐵路局
904,離岸人民幣
905,《倫敦條約》
906,德語聖經
907,使用精子庫
908,燃燒燃料的速度
909,加拿大軍隊
910,120天
911,1950年代
912,文藝復興運動
913,性犯罪
914,文藝復興式
915,楚州人
916,1590年
917,1961年到1970年
918,埃姆斯蘭
919,柏林國際廣播電台
920,十億光年
921,春秋時期
922,使郵驛通信十分有效地發揮效能
923,媒體維基
924,人文
925,2000年
926,67個
927,1月1日
928,1884年
929,俄國
930,大慶油田
931,私立大學
932,三座
933,早期韓國華僑的聚集所在
934,李雄
935,許榮茂
936,李準
937,英語
938,[UNK]稻
939,宋真宗
940,120%
941,美國聯邦調查局
942,9月
943,其副汗或小汗多帶有伊利的的稱號
944,剛毅
945,路易十四
946,韓國
947,0.07個太陽質量
948,閩南人
949,民國28年
950,李煥之為此曲寫作、1953年
951,公共汽車
952,無核裂卵
953,鴨巴甸
954,東正教
955,八角鼓
956,歐洲鋼鐵產量會下降
957,文化大革命
958,1642年
959,徐載弼
960,朮赤
961,匈奴人
962,芝加哥大學
963,造船業
964,客運與貨運市場的逐漸成長
965,紐格威森林
966,2012年
967,拿破崙
968,戴克里先
969,166年
970,太極兩儀
971,市場經濟
972,1963年
973,亞歷山大六世
974,1789年
975,悼念周恩來集會
976,1998年2月
977,1958年底
978,一些國家採胡漢分治的制度
979,涵元殿
980,杜甫
981,漢文
982,12次
983,科學社會學
984,1138公頃
985,《中華人民共和國村民委員會組織法》
986,荷蘭
987,聯合國
988,奪得影帝最佳男主角寶座
989,內陸山區
990,當地印度組織
991,白[UNK]紀滅絕事件
992,模特
993,《物種原始》
994,1258年
995,元朝
996,1929年
997,1972年
998,汽船
999,文森特
1000,環境保護主義
1001,詹姆士·麥迪遜
1002,1946年
1003,蘇聯紅軍
1004,羅斯托克港具有發達的造船業
1005,1982年12月8日
1006,摩利爾法學院
1007,天狼星
1008,修道主義
1009,1999年
1010,亞歷山大漢密爾頓
1011,中國
1012,1960年
1013,國務委員會委員長
1014,芝加哥公牛隊
1015,蓋戳形式
1016,東校區
1017,100
1018,第二代
1019,匈奴
1020,17日
1021,五等爵制
1022,工程化核酸酶
1023,伊薩克二世
1024,統帥
1025,外部刺激
1026,麥克阿瑟
1027,臺灣本身財政負擔的問題
1028,武漢行營副主任
1029,躲避戰亂
1030,朝鮮半島
1031,16倍
1032,馬爾吉特
1033,[UNK][UNK]
1034,1823年
1035,元音
1036,三人團
1037,舊石器時代
1038,166年
1039,荀子
1040,集團軍
1041,半日制學堂
1042,等待尷尬事件結束
1043,愷撒
1044,韓語
1045,倫敦
1046,基督教
1047,烏爾蘇拉
1048,1964年
1049,印度洋
1050,儘快宣布獨立
1051,挪威
1052,南北戰爭
1053,軍事介入失敗，馬西米連諾遇害，令拿破崙蒙羞
1054,南華縣
1055,英
1056,李紳
1057,在道路無需軌道行駛上的電車
1058,帝位世襲
1059,颱風則多發生於7、8月，年平均雨量約1060公釐
1060,1939年
1061,唐史學家
1062,劉表
1063,慶元
1064,軍事委員會北平分會副委員長
1065,英美法系
1066,石油危機
1067,唐朝
1068,奧斯陸峽灣
1069,1920年
1070,硫代硫酸氨
1071,《金雲翹傳》
1072,89萬
1073,1912年
1074,1627年
1075,環境污染
1076,阿內加達島
1077,唐生智
1078,夏季
1079,臺灣新北地方法院
1080,次級領導人
1081,6世紀
1082,24所
1083,河南
1084,每局比賽前由裁判報出本盤比賽的比分
1085,1所
1086,義大利耶穌會士
1087,一個
1088,破四舊」
1089,三次
1090,為了獲得大寧地區的駐牧權
1091,俗語
1092,郭松齡
1093,爆炸性
1094,雲南省第二殖邊督辦公署
1095,14世紀－17世紀初之明朝時期
1096,1968年
1097,反潛
1098,1932年
1099,吉田定房
1100,世稱恭順
1101,氣候分類系統
1102,抗日戰爭
1103,財產資格限制
1104,劉宋
1105,汗位取得不合法
1106,奧東·德拉羅什
1107,灣仔北
1108,帕塔普斯科河
1109,1945年
1110,義熙十一年
1111,戰時研發商
1112,芬蘭的赫爾辛基
1113,《男人四十》
1114,羅馬帝國
1115,1846年
1116,辛亥革命
1117,史夔
1118,合會朱陸
1119,傑弗里·德維爾阿杜安
1120,阿拉伯半島
1121,塞爾維亞
1122,香港
1123,君主
1124,天下人
1125,日本
1126,尼古拉斯·尼葛洛龐帝
1127,朱序
1128,石油危機
1129,教育產業化
1130,1992年
1131,康拉德·阿登納
1132,江東
1133,聖奧古斯丁
1134,大約公元185年
1135,弱勢群體
1136,大正天皇
1137,四牌樓
1138,北齊
1139,足利義輝
1140,內戰
1141,中華人民共和國衛生部
1142,人人平等
1143,斯拉夫人
1144,第4
1145,聯邦制
1146,1799年
1147,波多黎各
1148,瑞士蘇黎世州
1149,七月初四
1150,德國
1151,76間
1152,民國31年
1153,50元
1154,分散了泛國民黨支持者的票源
1155,2次
1156,拋秧
1157,七個
1158,周恩來
1159,卡加梅
1160,12個
1161,天城體梵字
1162,5月17日
1163,財務報表
1164,宙斯
1165,中尉
1166,德川家康
1167,空射火箭
1168,1836年
1169,敘利亞
1170,上海
1171,德里克·羅勃茲
1172,伊斯蘭教
1173,地球生態系統服務對人們的恩典
1174,哥廷根亨德爾國際音樂節
1175,滬昆高速公路
1176,繼續懷孕會有危險時
1177,法國
1178,歐幾里得
1179,本頓
1180,通州張家灣
1181,製導
1182,《血盟救國軍軍歌》
1183,廣州
1184,聽診器
1185,為當時膝下無兒的拿破崙生下一個繼承人。有人認為，他的真正生父另有其人，所以他的繼承合法性值得質疑。但是，主流意見都認為路易-拿破崙是路易·波拿巴和博阿爾內的兒子
1186,唯泰主義
1187,1970年代浙江河姆渡遺址的七千年前稻穀的出土、1993年
1188,「兩岸經濟合作架構協議」
1189,攻擊明朝的軍事重鎮大同
1190,自由主義
1191,1874年
1192,每一聲波周期因而都可以有一定數量的纖維同步發放
1193,卡斯特拉
1194,李克強
1195,河東道
1196,網站備案制度
1197,古老
1198,熱帶稀樹草原
1199,日本
1200,代替太原綏靖公署職權
1201,63個
1202,46公里
1203,公元第二世紀
1204,帕多瓦大學
1205,八千多年
1206,吉隆坡
1207,1889年
1208,不承擔國家賦役
1209,發展局
1210,該處是最溫暖的
1211,北京電視台
1212,大衢縣
1213,大清洗
1214,英國
1215,美國大學協會
1216,公共教育經費
1217,日本關東軍
1218,開京
1219,美國大蕭條時期
1220,為了解決元成宗時期的財政危機
1221,伊薩克二世
1222,明文
1223,蔣介石
1224,全印穆斯林聯盟
1225,受通古斯人壓力
1226,喇嘛教
1227,鎌倉時代
1228,氣泡狀範圍
1229,建設中國特色社會主義
1230,劉裕
1231,東正教
1232,鮑德溫伯爵
1233,佛教
1234,三代
1235,東正教
1236,臺北市
1237,鄧小平
1238,南斯拉夫」
1239,武陵
1240,殺蟲
1241,法國大革命
1242,自由韓國黨
1243,否決權
1244,二十世紀
1245,積極進攻
1246,加拿大
1247,1926年
1248,「義大利汽車之都」
1249,火箭發動機
1250,機械門控通道
1251,在軌道上驅動列車
1252,聖喬治拉丁文學校
1253,23年
1254,1948年12月1日
1255,武宗系
1256,私兵制度
1257,魏博拉盧比民達行業工會
1258,「濂溪弦鐸之地，山谷桑梓之鄉
1259,繁衍後代所需基因物質產生的方式
1260,非洲
1261,瓊州海峽
1262,安德魯約翰遜
1263,普林斯頓大學
1264,83年
1265,釣魚台國賓館
1266,伊達政宗
1267,解釋恆星內部和恆星演化的模型
1268,民國5年
1269,杜拜金融服務局
1270,希洛克勒斯
1271,班傑明·富蘭克林
1272,高雄
1273,第二代
1274,日美神奈川條約
1275,北京
1276,無晶態
1277,哈利里德
1278,低可偵測性
1279,柏拉圖
1280,波蘭人
1281,李登輝訪美及臺灣舉行總統大選大表不滿，因而在臺灣近海試射導彈及進行軍事演習，美國為此兩度派出航空母艦戰鬥群巡弋臺灣海峽
1282,英祖四年
1283,改良式腳踏車
1284,那一夜，我們說相聲
1285,二
1286,1830年
1287,[UNK]
1288,八月
1289,行為主義元素與認知心理學被整合成為認知行為療法的基礎。這種心理治療由美國心理學家阿爾伯特·艾利斯和精神病學家亞倫·[UNK]·貝克創立而成。認知心理學與其它學科，如精神哲學、計算機科學、神經科學，一道被歸入的上層學科認知科學
1290,廣州話
1291,傑瑞·威斯特
1292,粳稻
1293,挪威
1294,1800個
1295,中國郵政集團公司
1296,我一日未受詔，父一日在朝榮耀
1297,我們是一個民族！
1298,亞裔安納托利亞人
1299,福島縣會津地區
1300,1913年
1301,土地銷售
1302,阿拉曼人
1303,水牛城勇士
1304,天花病
1305,牡丹峰樂團
1306,印度
1307,3座
1308,周敦頤
1309,藝術家村
1310,朱利烏斯·凱撒
1311,豫
1312,1919年4月13日
1313,140118人
1314,喃字
1315,排灣族
1316,洛克菲勒紀念教堂
1317,臨時代議制
1318,高宗
1319,2015年
1320,2014年
1321,自由民主黨
1322,水田
1323,九年一貫之綱要文句太含糊
1324,479年
1325,病態賭徒
1326,全國人民代表大會
1327,太空探索
1328,黃中理
1329,《雅爾達協定》
1330,西班牙
1331,1913年
1332,美國
1333,鐵
1334,普羅斯佩·梅里美、維歐勒·勒·杜克在拿破崙
1335,廣東省
1336,聖母大學
1337,羅馬法
1338,心理學家
1339,希臘
1340,拉丁字母
1341,《中俄密約》
1342,吉米·史都華
1343,雙重國籍
1344,克拉克望遠鏡
1345,生物質
1346,學權部
1347,就地掩埋稻草
1348,66種
1349,類比訊號
1350,回族
1351,視錐細胞
1352,人口眾多
1353,威廉二世
1354,遵義會議
1355,《我於青春無悔》
1356,君士坦丁大帝
1357,美國國家草地網球聯盟
1358,10月9日
1359,希臘字母
1360,朱棣
1361,外交手段
1362,1887年
1363,2008年
1364,畢達哥拉斯
1365,2010年
1366,1918年
1367,對刺激的回應
1368,魯宗之
1369,西班牙企圖顛覆德川幕府陰謀
1370,「朝鮮王朝
1371,2012年
1372,生物動力學
1373,印度洋暖濕氣流
1374,太白山脈
1375,庫倫
1376,設計
1377,民國十八年
1378,太白山脈
1379,一萬兌一比率
1380,25個
1381,東北停戰協定
1382,1996年
1383,1985年
1384,4世紀
1385,顯示自己的獨立自主
1386,公元前三世紀
1387,港鐵九龍灣站
1388,1980年代
1389,1997年
1390,牛津大學默頓學院
1391,折下吉延
1392,越南
1393,1914年
1394,為會議提供傳譯服務
1395,2300多種
1396,所含的碳已經離開碳循環太久了
1397,女性
1398,40倍
1399,1957年
1400,白色
1401,1856年
1402,司馬遷
1403,「反革命事件
1404,夫人王光美
1405,理察·科伯恩·麥克勞林
1406,西德
1407,1624年
1408,15%
1409,江青
1410,奈及利亞
1411,亞洲
1412,2000年
1413,重力作用
1414,桑
1415,波羅的海沿岸的前德國疆土被驅逐的難民在下薩克森邦落腳定居
1416,2013年2月28日
1417,1973年
1418,爭取民族權利
1419,明治大學
1420,腦
1421,10萬人
1422,元世祖
1423,抗佝[UNK]病維他命
1424,馬來-玻里尼西亞語族
1425,45
1426,預算限制
1427,意識型態
1428,公元前3500年左右美索不達米亞的蘇美爾人
1429,元代
1430,43人
1431,限制性消化
1432,何無忌
1433,伸展台模特兒
1434,兩層
1435,志費尼
1436,中國共產黨
1437,《鋼鐵是怎樣煉成的》
1438,1994年12月1日
1439,最高榮譽大獎
1440,錫克教
1441,1986年
1442,《麥凱警長》
1443,遠古百越族
1444,省級公園
1445,米高彭博
1446,伊斯蘭教
1447,徐樹錚
1448,明太祖
1449,作為歷史博物館
1450,阿內加達島
1451,低可偵測性
1452,外國不可能介入內戰
1453,南朝鮮
1454,東南亞南島民族。成為後來的查莫洛人。古代查莫洛社會分為四個階層從上到下為酋長
1455,僱傭保險
1456,日本
1457,大學
1458,九龍灣
1459,廣州
1460,佛教
1461,陳朝
1462,11000間
1463,有色人種
1464,南斯拉夫共產黨
1465,漢諾威
1466,中央電視台高清綜合頻道
1467,石亭之戰
1468,華盛頓會議
1469,主體史學
1470,心室底壁組織
1471,1662年
1472,1884年
1473,第二產業
1474,俄羅斯
1475,約翰遜
1476,總能量
1477,政治體制並不是經典的共產黨一黨體制
1478,曹議金
1479,查亞峰
1480,正德十一年
1481,瘟疫四竄
1482,法國
1483,喜馬拉雅山
1484,通過與國大黨的合作要求英國廢止劃分孟加拉
1485,沙俄軍隊
1486,200萬立方公尺
1487,黑龍江
1488,1992年
1489,北角
1490,新界原居民
1491,蔣中正
1492,大和國
1493,佛教
1494,[UNK]以下的聲音對基底膜的影響
1495,無性生殖
1496,黑色
1497,為免兩國爆發戰爭
1498,巴塞隆納奧運
1499,鬍鬚狀
1500,阿拉巴馬州
1501,鋤草祭
1502,[UNK]-15戰鬥機
1503,2013
1504,為迎接2010年上海世界博覽會的召開
1505,1980年
1506,1958年
1507,俄羅斯
1508,南方墨點法
1509,路易斯一世
1510,《時代》
1511,極權主義
1512,《布列斯特-立陶夫斯克條約》
1513,路易·勒沃
1514,布列塔尼半島美國石油公司
1515,後燃器
1516,曼諾球場
1517,東吳
1518,海煤
1519,自體授粉時
1520,1929年
1521,想取快錢
1522,江南代牧區
1523,保羅加德納艾倫
1524,陸秀夫
1525,福建人
1526,南斯拉夫內戰
1527,《塘沽協定》
1528,烏蘭烏德
1529,1897年
1530,賓拉登
1531,2003年3月4日
1532,為了降低成本
1533,這些決策局的重組方式
1534,杭州[UNK]橋機場
1535,汪達爾人
1536,康邊停戰協定
1537,管理所屬行政區域的地方官員
1538,興王
1539,衛奕信
1540,非歐幾里得幾何
1541,2009年
1542,全國重點文物保護單位
1543,忽必烈
1544,茶峒鎮
1545,需要反推進火箭來進行軟登陸
1546,惠金斯原理
1547,黑龍江
1548,波士頓理工
1549,兩年
1550,2010年
1551,為了便於管理漢地
1552,喬托號
1553,以各組織估計平均數字，以每年4200宗宣判死刑案件起算
1554,烏里雅蘇臺將軍
1555,聖西門主義
1556,日治時期
1557,蔡[UNK]
1558,中國
1559,《刑部大理寺狀》
1560,澳大利亞新南威爾斯州
1561,年齡
1562,聖方濟·沙勿略
1563,羅馬共和國時期
1564,毛
1565,韓國
1566,藍屋
1567,薩伊
1568,10萬
1569,五個
1570,張三祿
1571,15世紀
1572,文藝喜劇片
1573,劉琮
1574,高血壓
1575,北燕
1576,《中華人民共和國全民所有制工業企業法》
1577,試圖平衡人類和各種自然系統的關係，能夠讓各個成分取得合適的可持續性發展地位
1578,城市物質形態
1579,環境保護主義
1580,773年
1581,懷柔區
1582,七間
1583,民間反應不佳
1584,光緒十年
1585,1970年代
1586,希臘語
1587,西班牙
1588,神經源性
1589,加拿大
1590,七個
1591,安定
1592,香港
1593,乾旱
1594,《內戰記》
1595,新北市
1596,甲午戰爭
1597,政府採取反共措施
1598,1910年
1599,西里爾字母
1600,1935年
1601,《越南-葡萄牙-拉丁語字典》
1602,8.6%
1603,浙江海商
1604,巴西
1605,歐洲聯盟委員會
1606,增加西側的空曠程度
1607,俄羅斯
1608,蘇聯
1609,七年戰爭
1610,100米
1611,咖啡因中毒
1612,國民政府
1613,漢江
1614,青光眼
1615,狄托主義
1616,學權部
1617,2002年
1618,射擊斷續器
1619,5位
1620,芽孢炭疽桿菌
1621,1945年
1622,北宋
1623,米高梅
1624,1988年
1625,「記錄」號
1626,英國
1627,耶穌會
1628,冷戰期間
1629,鐵鉉
1630,張伯倫
1631,《義勇軍進行曲》
1632,棉花
1633,卡洛·埃馬努埃萊一世
1634,賀知章
1635,犯人流放之地
1636,漢化
1637,恆星
1638,貝加爾湖
1639,厄德
1640,古希臘
1641,當時儒教興盛
1642,巴夏禮拒收
1643,克里斯蒂安尼亞
1644,無限制潛艇戰
1645,哈大客運專線
1646,亞熱帶常綠闊葉林
1647,1937年
1648,普法戰爭
1649,博尼法斯二世
1650,約翰·莫根
1651,在室溫時的氧化緩慢，所以一般視為具有耐腐蝕性
1652,1835年
1653,咖啡因
1654,「中國應該統一」
1655,1972年
1656,用於保衛大都，衛設都指揮史或率史
1657,汪精衛
1658,體育部
1659,斜方晶八面體
1660,直系
1661,水牛城勇士
1662,孫中山
1663,七月十一
1664,賽丁泉天文台
1665,殖民政策
1666,[UNK]
1667,俄羅斯
1668,16世紀
1669,潮濕的大陸性氣候帶
1670,染色體倍數減半的生殖細胞
1671,猶太人
1672,李白
1673,德克薩斯州石牆郡
1674,皖系軍閥
1675,清廣東水師提督
1676,1888年
1677,1967年
1678,奧古斯都
1679,哲布尊丹巴
1680,丁[UNK]
1681,將原「布政司署」改稱為「政府總部」
1682,1861年2月9日
1683,閏3月19日
1684,漢字
1685,安托萬·拉瓦錫
1686,伊斯蘭教
1687,平衡
1688,周文公
1689,參議院
1690,重要的財源
1691,盧安達法郎
1692,皖浙贛獨立團
1693,德川家康
1694,美國在1873年爆發的經濟蕭條
1695,世族
1696,1853年
1697,銅鑼灣至太古
1698,民國34年
1699,1270年
1700,動力系統
1701,三個
1702,中山市
1703,清帝國
1704,諸葛亮
1705,江河級驅逐艦
1706,2015年
1707,21473平方公里
1708,傳教士
1709,颶風
1710,世界氣象組織
1711,衣服布料
1712,海河流域
1713,旭烈兀
1714,700家
1715,第九屆中國溧陽茶葉節
1716,全市綠化比例高
1717,請求拿回兵權
1718,澳大利亞
1719,和林哈拉
1720,5月20日
1721,7980年
1722,2010年
1723,青島海軍基地
1724,姑臧
1725,各公司統一使用的名稱
1726,張作霖
1727,波蘭進入戰時狀態，實行軍事管制
1728,西方遊客
1729,視網膜神經節細胞
1730,徐世昌
1731,宋美齡
1732,中華民國台灣
1733,第二次世界大戰
1734,1961年
1735,白光
1736,陳誠
1737,1966年
1738,奈特·麥克米蘭
1739,無佛像時代
1740,1977年
1741,白色
1742,自由聯合關係
1743,因為輕駕馬車比賽在印第安納州有著悠久的歷史
1744,英國
1745,它違反《憲法》、《立法法》、《行政處罰法》及中國簽署的國際人權條約，使公民的人身權利不經審判被剝奪，同時沒有救濟的渠道
1746,《劃一現行各道地方行政官廳組織令》
1747,論語疏
1748,柏林封鎖解除後沒多久
1749,蒸汽膨脹
1750,曹議金
1751,副熱帶季風氣候區
1752,日本
1753,美國心臟學會
1754,大英帝國
1755,八篇書
1756,德軍
1757,薩爾
1758,路易十四
1759,合作派
1760,心理疾病
1761,倫敦煙霧事件
1762,1個
1763,1990年代
1764,阿弗剌昔牙卜
1765,24%
1766,高麗國
1767,後現代主義設計
1768,1828年
1769,第三名
1770,興大學生會
1771,西安招待所
1772,1349年
1773,湯瑪斯傑佛遜
1774,新春期間
1775,郵值標籤
1776,席哈克略皇帝
1777,1990年10月3日
1778,宙斯
1779,農耕節
1780,俄國革命
1781,為了制衡德軍
1782,王猛
1783,西洋棋殘局
1784,敵我矛盾
1785,獨立性
1786,愷撒
1787,一百億年
1788,湖熟
1789,英國
1790,木星的四顆伽利略衛星中最靠近木星
1791,愛滋病毒
1792,1993年
1793,外蒙古
1794,張聞天
1795,烏托邦
1796,法家
1797,五個
1798,通古斯地區過於偏遠。
1799,安大略湖
1800,羊肉
1801,首爾
1802,劉駿
1803,將部分河水導入恆河運河
1804,雙重匯率制度
1805,美國
1806,故我
1807,意識形態的原因
1808,59歲
1809,法國
1810,1928年
1811,5個
1812,[UNK]
1813,曼哈頓
1814,清咸豐年間
1815,君士坦提烏斯二世
1816,外省人
1817,關西
1818,甲醇
1819,太祖王
1820,牛隻列印問題
1821,英國
1822,隱遁鄉里，終生不願意出仕
1823,中華人民共和國
1824,1590年
1825,1941年
1826,細胞核
1827,放氣減壓
1828,發生十月革命
1829,俄羅斯
1830,劉少奇為了維護毛的權威，仍然參與到以空前的高調呼籲對毛的個人崇拜的浪潮中來
1831,幅員遼闊，選舉人數超過三百萬
1832,1943年
1833,多倫多市
1834,文化
1835,超過9倍太陽質量
1836,赫伯特·喬治·威爾斯
1837,純的硫是黃色的晶體
1838,「資產負債表」
1839,德川家康
1840,日本
1841,−14.2等
1842,[UNK]清光緒元年沈葆楨奏請添設臺北府，始有「臺北」之稱，蓋以位居台灣北部
1843,韓
1844,1789年
1845,下薩克森邦邦政府
1846,泰勒斯
1847,32.8%
1848,辭職
1849,鮑羅廷
1850,杜林
1851,金合歡
1852,13倍
1853,黃埔軍校
1854,《紅樓夢》
1855,一百多年
1856,1970年
1857,雲南
1858,14世紀末至20世紀初
1859,電子郵票
1860,儒字
1861,突厥
1862,剛果民主共和國、盧安達和蒲隆地交界，南與馬拉威和莫三比克毗連，西南與尚比亞
1863,俄國
1864,成熟階段
1865,性
1866,吠陀梵語
1867,1950年代
1868,古埃及人
1869,湯·韋迪加
1870,托木斯克州
1871,丹都洛總督
1872,民用航太
1873,706萬
1874,中國通俗文化
1875,伊莉莎白
1876,義大利
1877,2000年
1878,1932年
1879,製導
1880,路易-菲利普
1881,阿布巴卡爾
1882,台北曲藝團
1883,《古魯·格蘭特·薩希卜》
1884,1865年
1885,翟中和
1886,1924年
1887,德國財政局
1888,30
1889,楊宇霆
1890,法國
1891,詹姆斯·史都華
1892,周恩來
1893,請師
1894,光化學煙霧
1895,藍營
1896,國務會議
1897,洛厄爾天文台
1898,加拿大式雙打
1899,三名
1900,中日甲午戰爭
1901,金門
1902,電氣化鐵路
1903,《資治通鑑》
1904,2006年
1905,中華民國實業部
1906,1966年
1907,多倫多
1908,大學生的城市
1909,約翰·洛克菲勒
1910,1980年代
1911,1815年
1912,甘迺迪
1913,阮攸
1914,孟德爾定律
1915,議會制
1916,2005年
1917,喇嘛教
1918,莫斯科
1919,五分之一
1920,《德意志語言正字大詞典》
1921,魔獸世界
1922,克倫威爾路
1923,《渡假留香》
1924,日本
1925,黃鐵礦有半導體的特性
1926,俄羅斯帝國
1927,水門事件
1928,中山
1929,閻錫山
1930,1997年
1931,托爾金
1932,龍興之地
1933,中國政府因開放市場的需要
1934,阿伊努人
1935,1917年
1936,五倍
1937,風能
1938,艾森豪
1939,3400萬
1940,雙反
1941,帕西瓦爾·洛厄爾
1942,二二八事件
1943,紅色
1944,澎湖
1945,硫化氫
1946,理學
1947,1998年
1948,民國時期
1949,毛澤東
1950,1950年
1951,高輻射的環境
1952,維基媒體
1953,二氧化碳
1954,1939年
1955,清朝末年
1956,城堡
1957,哲學原理研究
1958,1998年2月
1959,全市常住人口
1960,半熱帶加勒比海
1961,1455年
1962,鄧穎超
1963,代表宇宙秩序
1964,傳統音樂
1965,為了提防燕王謀反
1966,法國
1967,土耳其
1968,恢復市場的功能
1969,北非的希波大會
1970,中華民國政府
1971,1834年
1972,淋巴液
1973,斷罰出征，並全征燒埋銀」
1974,1901年
1975,十八歲
1976,近年
1977,端午節
1978,阿布海兒汗時代
1979,維持超音速巡航
1980,1312年
1981,1970年
1982,30℃
1983,以色列
1984,無性別的宦官與宮女的結合
1985,兩個
1986,對日抗戰
1987,1989年
1988,阿忽台
1989,天文學家
1990,毛澤東
1991,美國
1992,大赦國際
1993,2014年12月
1994,中部科學園區
1995,台北市立體育場
1996,曹議金
1997,冷戰期間
1998,1893年
1999,收容遣送制度
2000,中國國民黨
2001,《一種美味》
2002,馬爾吉特
2003,金黃飽滿
2004,移民實邊
2005,水軍
2006,中國青年黨
2007,矽燃燒過程
2008,劉少奇
2009,瑞士洛桑國際管理學院
2010,1950-1980
2011,著陸
2012,有感於本人對基本人權的認識
2013,喬治•赫伯特•沃克•布希
2014,幾何學
2015,1967年
2016,風之國度
2017,蠻族事務局
2018,噶爾丹
2019,首席的元老
2020,11世紀
2021,阿普列尤斯
2022,猶太人
2023,光度
2024,克萊斯勒貸款法案
2025,省務會議
2026,1610年1月7日
2027,荷蘭
2028,「喬治亞
2029,1835年
2030,六四天安門事件
2031,定向天線
2032,通俗的
2033,每秒30轉
2034,在伯利恆修道院，哭泣的說：「征服了整個世界的城市，現在給人征服了！」。焦慮的無法工作，並且相信敵基督將會出現
2035,2000年
2036,1987年
2037,洪堡
2038,1847年
2039,唐玄宗
2040,1968年
2041,不動產
2042,因其英文縮寫首字母為「[UNK]·ㄎㄟ·ㄨㄞ」
2043,林肯總統
2044,風景怡人
2045,元末民變
2046,擁有加拿大全年最晴朗天空
2047,上尉
2048,1599年
2049,3個
2050,香港國際機場
2051,暴力革命
2052,段祺瑞召回北京，10月25日段
2053,普魯士
2054,高句麗
2055,西伯利亞鐵路
2056,溧陽
2057,學會部
2058,富蘭克林·德拉諾·羅斯福
2059,科什圖尼察
2060,1600個
2061,確立婦女投票權
2062,500毫升
2063,古代
2064,民國十四年
2065,蒙古人
2066,正德十一年
2067,閏盤
2068,北愛爾蘭
2069,[UNK]國際2011年進行的一項調查
2070,毛澤東
2071,得知蒙哥於南征南宋時去世
2072,瀧川
2073,莫高窟
2074,電穿孔細胞
2075,組織了一個赴中國的葡萄牙使團，參見明朝皇帝
2076,2次
2077,1924年
2078,梁啟超
2079,白銀
2080,洋馬兒
2081,三世紀危機
2082,1米93
2083,鹿兒島
2084,外傭
2085,縱貫鐵路山線段
2086,《1875年公共健康法》
2087,傑米尼安諾·蒙塔納利
2088,香港本土非逃港者
2089,柏拉圖
2090,教法
2091,消耗戰中，導致物資與工業能力皆落於美國的日本戰敗
2092,菲利浦五世
2093,阿爾卑斯山
2094,第一連連長
2095,1984年
2096,何鳳山
2097,一億光年
2098,1995年
2099,紅矮星
2100,日語
2101,阿爾法
2102,20世紀
2103,草本
2104,涵元殿
2105,赫特維希
2106,1971年
2107,英國
2108,段祺瑞
2109,增強孩子免疫
2110,民國18年
2111,年降雨量
2112,1913年
2113,法國東部
2114,灣仔
2115,拉丁語
2116,南亞
2117,婆羅摩笈多
2118,貝聿銘
2119,世界的中心
2120,第53
2121,工業革命
2122,江南代牧區
2123,一次世界大戰時期
2124,大量安眠藥
2125,史坦波中心
2126,《科學怪人》
2127,林登·貝恩斯·詹森出生於佩德納萊斯河，德克薩斯州石牆郡的小農莊，他是五個孩子中最大的。他的父母小山繆·伊爾·詹森和利百加·貝恩斯育有三個女孩和兩個男孩：詹森
2128,[UNK]-16
2129,泰國
2130,《麥健時報告書》
2131,江蘇
2132,朱齡石
2133,中共中央副主席
2134,毒氣
2135,連接子
2136,普洱專區
2137,僱傭安定
2138,英國倫敦溫布頓
2139,國君身邊的齊泰
2140,1529年
2141,佐世保重工業
2142,申城
2143,德川家
2144,河川
2145,岩石圈
2146,香港日治時期
2147,聯邦儲備系統
2148,1925年
2149,由新界鄉村的代表組成
2150,德國
2151,亞熱帶
2152,1975年
2153,日本
2154,反共思想
2155,韓國
2156,第二個地點為俄羅斯車里雅賓斯克
2157,王藍
2158,胡錦濤
2159,東晉元帝
2160,最低層
2161,漢文
2162,絲綢之路
2163,5642米
2164,殺蟲劑中毒
2165,寮國
2166,共和黨
2167,通惠河
2168,薩繆爾
2169,南奧塞提亞自治區
2170,浮動匯率制度
2171,農業
2172,秋天
2173,將兩國國界以黑龍江為基本界限劃清
2174,「永興」
2175,雲南省
2176,美國
2177,土地改革
2178,林邑王陽邁一世
2179,艾瑪·史東
2180,一大批來自原第三帝國東部的難民想要在這個地緣遼闊的邦找到棲身之地
2181,聯邦在內戰中取勝
2182,玉泉北路
2183,1789年
2184,280天
2185,旅遊業
2186,泰勒斯
2187,國家地質總局
2188,2007年
2189,國家歷史文化名城
2190,維基媒體基金會
2191,一省
2192,恆河
2193,非婚生
2194,初中
2195,最佳演唱團體獎」
2196,胡氏
2197,防火能力
2198,現代精神醫學
2199,機炮
2200,寧古塔副都統
2201,德國柏林影展
2202,接合
2203,第三心音
2204,李白
2205,世襲制度
2206,韓國海關
2207,奧地利
2208,2009年
2209,牛胃氣膨脹
2210,北源沮水
2211,吠陀梵語
2212,受道家老子思想的用詞影響，以格義方式漢譯而成
2213,女性模特兒
2214,印第安納大學俱樂部
2215,雷達吸波
2216,1960年代
2217,福爾摩沙高速公路
2218,高科技產業
2219,東芝
2220,新北市
2221,川本芳昭
2222,伊斯蘭教
2223,一年
2224,熔化宮中的金銀器皿，鑄造貨幣
2225,985工程
2226,2002年
2227,620年
2228,民國2年2月25日
2229,第一公民
2230,現代主義
2231,天主教
2232,美利堅聯盟國
2233,奧勒良
2234,1957年
2235,1929年
2236,《禁書目錄》
2237,心室底壁組織
2238,菲律賓
2239,湯瑪斯·勃蘭契特·瑞德
2240,周恩來
2241,超音速
2242,[UNK]-29
2243,日本
2244,民國37年
2245,模擬別人的言行，後發展為象聲
2246,1897年
2247,艾薩克·牛頓
2248,印尼
2249,民國十六年
2250,荊州
2251,摩利爾法學院
2252,22個
2253,克里米亞戰爭
2254,國防部
2255,北京
2256,1945年
2257,倭寇
2258,閉關鎖國
2259,1972年
2260,2013年
2261,史達林
2262,綏芬河
2263,1918年
2264,水委一
2265,非金屬類材料
2266,阿拉貢王國
2267,聯合國人權委員會
2268,庫里爾台大會
2269,氫
2270,頭
2271,賓夕法尼亞州大學
2272,二氧化碳
2273,穀類作物
2274,毛奇
2275,[UNK]
2276,後代
2277,熱帶雨林氣候
2278,王白駒
2279,劉備
2280,第二心音
2281,咸康七年
2282,全金屬
2283,道格拉斯
2284,玉米
2285,拜占庭帝國
2286,五個
2287,民國25年
2288,松花江
2289,墨西哥
2290,趙匡胤
2291,喬托號
2292,2008年
2293,南北韓高級別會談機制
2294,紅水河
2295,新蒙古人種
2296,斯芬·佩斯
2297,2001年
2298,大道東附近
2299,6.6千兆瓦
2300,副熱帶濕潤氣候
2301,1200萬名
2302,總督
2303,2008年
2304,29.48萬人
2305,1982年
2306,鞏高峰
2307,尚吉巴
2308,12個
2309,西伯利亞
2310,櫻花大道
2311,焦爾達諾·布魯諾
2312,國際網球協會
2313,僑州郡縣
2314,修飾手法
2315,官僚主義者
2316,刺史
2317,心臟
2318,1180年
2319,三歲
2320,失眠
2321,雷焦卡拉布里亞國家考古博物館
2322,阿克爾自治市
2323,香港人
2324,都市計劃
2325,西班牙
2326,布爾人
2327,產婦之前有無生產
2328,校園一卡通
2329,第18
2330,漳州協守
2331,[UNK]
2332,外國人
2333,何應欽
2334,金銀珠寶
2335,1919年
2336,1939年
2337,供寄遞郵件貼用的郵資憑證
2338,頻寬
2339,意義上更為可貴
2340,白河
2341,空軍
2342,音樂
2343,《四十二章經》
2344,阿爾杜伊尼卡家族
2345,工業發展
2346,海因利希・弗格勒
2347,第5套
2348,景洪市
2349,韓國憲法
2350,為爭取陽光
2351,《失落的故事集》
2352,1918年
2353,1563米
2354,原始宗教
2355,1區
2356,博物學
2357,杭州
2358,夜間攔截任務
2359,1999年
2360,威廉·馮特
2361,彰化市民代表會
2362,法國大革命時期
2363,明朝
2364,2013年
2365,朱德
2366,其急公好義，誅惡官，攜妹出海逃亡，遭水軍追捕，不願被俘而自沉
2367,漢武帝時期
2368,1963年
2369,東經116度27分
2370,英籍工程師西排立
2371,主語+謂語+賓語
2372,主序帶
2373,電磁波理論
2374,德國財政局
2375,1938年
2376,2014年
2377,已消失
2378,2007年
2379,法國
2380,向世人展現了腓特烈大帝的軍事天才
2381,斯托克港
2382,了鞏固自己及子孫的統治
2383,蒙古語
2384,甲醇
2385,元太宗
2386,15625億日元
2387,印度教
2388,1218年
2389,918年
2390,北非作戰階段
2391,依法治國
2392,1987年
2393,[UNK]連線酶
2394,金軍
2395,準決賽
2396,由1名球手與2名球手對打
2397,球皺褶
2398,梁[UNK]
2399,40年
2400,2901.3平方公里
2401,桃園市
2402,郭守時
2403,區域地質調查及礦產普查
2404,，大陸冷氣團南下，有強烈東北季風吹襲
2405,「學習偉大領袖毛澤東」
2406,19世紀
2407,檀君古朝鮮
2408,康熙帝
2409,楊亨燮
2410,清宣宗時代
2411,蒙漢兩元政治
2412,黑色貝雷帽
2413,三國史記
2414,四次
2415,林彪
2416,顯性文明
2417,1972年
2418,摩門教
2419,分裂
2420,社會輿論
2421,1603年
2422,一分
2423,火山國家公園
2424,2005年
2425,客運與貨運市場的逐漸成長
2426,新石器時代
2427,孔齊
2428,傑克·基爾比
2429,1958年
2430,世界氣象組織
2431,通貨膨脹
2432,1960年代
2433,布政司署
2434,[UNK]
2435,天主教
2436,食品業
2437,1958年
2438,2010年
2439,柏樹林
2440,7920公里/小時
2441,仙台市
2442,史和平
2443,蓋銷
2444,哈爾濱
2445,2000年
2446,義和團事變
2447,混合苦膽的酒
2448,建文二年
2449,關島組織法
2450,2008年
2451,邊防具體業務工作
2452,彼得二世
2453,19世紀晚期
2454,商業貿易中徵收的關稅和貿易稅
2455,合不勒汗
2456,高句麗
2457,元朝
2458,民國15年
2459,49.3萬人
2460,巴納德
2461,量子光學
2462,糧食
2463,哈德遜河
2464,全國地圖
2465,民國3年6月24日
2466,投保人
2467,主序帶的階段
2468,約翰·坎貝爾
2469,港島區
2470,1221年
2471,阿得雷德
2472,《中華人民共和國憲法》
2473,二十歲
2474,雙打比賽
2475,中村法道
2476,高要
2477,鐵穆爾
2478,391年
2479,英國精神醫學期刊
2480,1849年
2481,1260年
2482,13小時
2483,氦
2484,新校地
2485,忽必烈
2486,巴西爾二世
2487,黑死病
2488,5月23日
2489,卡胡盧伊
2490,硫化物
2491,氮化硫
2492,三屆
2493,1972年
2494,都市計劃
2495,色指數
2496,日本
2497,無痛分娩
2498,6位
2499,司馬休之
2500,煤煙消除會
2501,公民化
2502,宏碁
2503,國民政府時期
2504,傑克·基爾比
2505,傻瓜塔
2506,代王
2507,五桂山區
2508,匹茲堡
2509,威廉·赫歇爾
2510,市區改正計劃
2511,《動員戡亂時期臨時條款》
2512,阿穆爾河
2513,1989年
2514,花垣鎮
2515,東部
2516,毒品
2517,7%
2518,韓國
2519,創下於紅館舉行演唱會最高場數紀錄
2520,莫斯科
2521,泰國
2522,農民階層
2523,孔恩
2524,索契
2525,比利時
2526,重慶理工大學
2527,支持臺灣獨立
2528,足利尊氏
2529,托木斯克
2530,葛摩
2531,1905年
2532,《臺灣自救運動宣言》
2533,詳細規劃
2534,十億年
2535,1486年
2536,英國
2537,1970年代
2538,1500公里
2539,「南極條約協商會議」
2540,布里亞特人
2541,建炎二年
2542,民國8年
2543,1849年
2544,前279年
2545,中國大陸
2546,西元前1534年
2547,庫納巴拉班
2548,1899年
2549,釋迦牟尼
2550,1960年代
2551,1640年
2552,交通不便
2553,威尼斯人
2554,東涌線
2555,梅艷芳是女低音
2556,1850年6月1日
2557,1999年
2558,2005年9月23日
2559,宋代
2560,國家預防腐敗局
2561,許多機種都有噪音過大的問題
2562,大學生研究計劃」
2563,明治三十九年
2564,1994年
2565,王亞南
2566,石水渠街
2567,八零年代
2568,1233年
2569,日本
2570,瑞派克路
2571,晶片廠
2572,第二代
2573,黨委
2574,康熙三十二年
2575,重工業
2576,中央印製廠
2577,1952年
2578,十二月屠殺的事件中，多達15位的政治反對領袖遭到執政政府的暗殺
2579,驅逐艦
2580,俄國內戰
2581,張成澤
2582,為了特定場合
2583,公元1世紀
2584,1981年
2585,新臺北／臺北／北部新設之市」的涵義
2586,二氧化硫
2587,紹興十一年
2588,烈女義坑
2589,調節氣溫
2590,日本青年社
2591,廣東籍
2592,羅馬帝國
2593,自由派
2594,1990年代
2595,秋明州
2596,倫敦煙霧事件
2597,加州
2598,自由
2599,韓國
2600,不穩定性
2601,常於9－10月回到黑龍江、烏蘇里江等河中產卵
2602,亨利克萊
2603,歐美國家
2604,濟州島
2605,赫爾伯特·查普曼
2606,噪音過大
2607,廿八歲
2608,濟南
2609,2016年
2610,「印度國民軍士兵大審判」
2611,榮休教宗
2612,美日
2613,2比1
2614,美利堅合眾國眾議院為美國國會兩院之一，另一院為參議院
2615,1861年
2616,1991年
2617,臺灣
2618,1953年12月
2619,白[UNK]紀滅絕事件
2620,2003年3月4日
2621,曼莫漢·辛格
2622,刺激性
2623,七七事變
2624,激進黨
2625,1895年
2626,99年12月25日
2627,萊茵魯爾
2628,昭陽湖
2629,拒絕投降
2630,慈禧皇太后
2631,滿分1600分
2632,狄拉克
2633,失分
2634,第一次鴉片戰爭
2635,特殊黨員
2636,中國
2637,蔡素玉
2638,美國
2639,工藝
2640,「鄧小平建設有中國特色社會主義理論」
2641,2008年
2642,4個
2643,溫州
2644,下薩克森邦
2645,《宅地法》
2646,中途公園
2647,駐越美軍
2648,燈罩
2649,高房價
2650,1848年
2651,2016年9月30日
2652,定性分析幸福
2653,解放軍
2654,1946年
2655,伊斯蘭教
2656,東勝寺一役
2657,8月
2658,伊斯蘭教蘇菲派一神論
2659,暴雪娛樂公司
2660,第二次世界大戰
2661,歐洲人
2662,理論心理學
2663,西方墨點法
2664,136.03萬人
2665,唐朝
2666,機槍
2667,克列孟梭
2668,240℃下
2669,國家邊海防委員會
2670,溥佳
2671,中部科學園區
2672,1803年
2673,特瓦族
2674,日本早期佛教藝術
2675,麻州
2676,杜林
2677,庫侖阻力
2678,沒有完整校舍
2679,「一邊一國」
2680,耶穌會
2681,西塞羅
2682,蘇聯民族事務人民委員部
2683,土地改革政策
2684,土耳其
2685,2013年
2686,忠孝橋
2687,摩根
2688,1960年
2689,高崗
2690,1930年
2691,海水淡化
2692,大學
2693,台灣小百岳
2694,爭議性
2695,1779年
2696,印尼
2697,人本主義
2698,首爾塔洞公園
2699,全蒙古是中國的一部分
2700,英國
2701,機械電視
2702,3%
2703,8200年
2704,普法戰爭
2705,什錦麵
2706,供給創造需求
2707,中東
2708,民國三十八年
2709,陳誠
2710,土魯斯
2711,鮭魚
2712,中國大陸
2713,甘蔗
2714,不滿北條氏專制政權
2715,第一個用戶嘗試儲存網頁時
2716,約翰·福特
2717,昆明公交公司
2718,2010年
2719,巴洛克風格
2720,群眾專政
2721,2008年
2722,納粹黨
2723,清政府
2724,拿破崙
2725,因戰時的盟軍破壞
2726,漢魏故城
2727,1920年代
2728,東北易幟
2729,威廉一世
2730,微波訊號
2731,第1668號
2732,1702年
2733,渦輪葉片的耗損提高許多
2734,新加坡
2735,同盟國
2736,1944年
2737,標準中文
2738,西英格蘭大學
2739,河運
2740,伏爾加河
2741,國際動物命名委員會
2742,黃金自由貿易
2743,施耐庵
2744,集中式太陽能發電站
2745,大韓帝國
2746,用於在郵件被寄出前，證明寄郵人已支付全部或部分傳遞費用
2747,第265任
2748,第一條公共蒸汽鐵路
2749,死亡
2750,40人
2751,阿拉瓦克印第安人
2752,皇后大道東一帶
2753,[UNK]鐵路公司
2754,極端設計
2755,12個
2756,蘿蔔糕
2757,伽利略
2758,1875年
2759,裏海
2760,1863年
2761,1828年
2762,1597年
2763,1829年
2764,杜林
2765,2008年
2766,毛利家
2767,侏[UNK]紀
2768,尹伊桑
2769,拿破崙
2770,267年
2771,「11月祭」
2772,中華人民共和國
2773,愛格思海金斯公司
2774,阿拉巴馬州
2775,2015年
2776,《希臘、羅馬名人傳》
2777,呂蒙
2778,傑斐遜·戴維斯
2779,1867年
2780,70%
2781,狩獵採集社會
2782,日本
2783,國民黨
2784,入學考試
2785,擔心引起教會勢力的強烈反彈
2786,敘利亞
2787,鄂圖曼帝國
2788,1986年
2789,明代
2790,1951年4月13日
2791,基督教
2792,心血管疾病
2793,石油天然氣研發中心
2794,元朝
2795,黃鐵礦
2796,義大利戰爭
2797,1980年超級基金法
2798,中華人民共和國
2799,納粹德國
2800,募兵制
2801,1933年
2802,2015年
2803,「丙子胡亂
2804,1997年
2805,天主教會
2806,《有關國軍參與海外派遣活動的法律案
2807,大滿貫
2808,華沙
2809,伯力
2810,外交政策
2811,長度
2812,8世紀
2813,約翰二世·科穆寧皇帝
2814,凡爾賽宮
2815,北海道帝國大學
2816,2008年
2817,信陽市
2818,地區邊界
2819,多部電腦介入飛控系統
2820,動物命名法
2821,2016年
2822,1789年
2823,因為拔都與兀良哈台大力支持拖雷系的蒙哥，使得窩闊台系的失列門失去汗位
2824,國際生物科學聯合會
2825,為了提防燕王謀反
2826,金靴獎
2827,齊格蒙特三世
2828,天文學
2829,巴雷
2830,萊茵河
2831,氧化亞氮氣體
2832,不像其他版本聖經的傳統順序
2833,孫叔敖
2834,攻占納哈出的金山
2835,期貨交易所
2836,內燃機
2837,銀熊獎
2838,1968年
2839,靜止心率
2840,《舊金山和約》
2841,漢諾瓦
2842,1989年
2843,武昌起義
2844,直接管理寺院周圍13莊政教事務
2845,殺傷力大
2846,第一波新政
2847,球面幾何學
2848,1976年
2849,地球大氣層及其他天體之外的虛空區域
2850,第2758號決議案，承認中華人民共和國為中國的唯一合法代表，中華民國代表遂被迫退出聯合國
2851,1980年代
2852,楊森
2853,1859年
2854,為了更好的與羅馬帝國進行貿易活動
2855,學權部
2856,阮彌之
2857,粵西
2858,斯托克港
2859,印度河文明
2860,约瑟夫·斯卡利格
2861,湖州人
2862,維多利亞港
2863,易信
2864,20%
2865,分發式政策
2866,希伯來文
2867,12歲
2868,比利時
2869,1000米
2870,馬關條約
2871,艾•史密斯
2872,「中國民間藝術之鄉」
2873,214微克
2874,3席
2875,過渡時期憲法
2876,益州
2877,段思平
2878,1953年至1957年
2879,不知道散彈槍可以發射小顆粒的霰彈
2880,海口市
2881,社會學
2882,雌雄同體
2883,《物種原始》
2884,攔截機
2885,寮國
2886,2000年
2887,15年
2888,魚雷艇
2889,臺灣外交困境
2890,第26屆
2891,武漢大學
2892,第三心音
2893,1989年
2894,史達林
2895,新北市的主要行政區過去皆為全面依賴臺北市的衛星城市
2896,美國
2897,廣州鐵路公司
2898,航宇
2899,社交活動
2900,孫傳芳
2901,元滅宋之戰
2902,亞歷山大·羅德
2903,拜占廷
2904,9月
2905,《農書》
2906,蘇聯第三國際
2907,中世紀中期
2908,美國登山車協會
2909,突厥語
2910,台南
2911,自殺
2912,學費較高
2913,1987年
2914,發願
2915,1849年
2916,直布羅陀海峽
2917,比主動宣傳還要見效
2918,在一固定期間內，一家機構的現金增減變動情形
2919,1923年
2920,鏡廳
2921,安帝
2922,中華民國初年
2923,托列斯海峽
2924,自由民主黨
2925,印度洋
2926,兩年
2927,大致平坦的地貌
2928,磷礦石
2929,美國
2930,社會主義共和國
2931,1512年
2932,消亡階段
2933,肌萎縮性脊髓側索硬化症
2934,主要作為軍事防衛
2935,哈德良
2936,《關於托勒密和哥白尼兩大世界體系的對話》
2937,使用傳送其基因組進入其他細胞，進行感染的分子機制
2938,電燈泡
2939,種族
2940,張成澤
2941,盧安達
2942,戴爾廣場足球俱樂部
2943,厄爾布魯士峰
2944,中國國民黨左右派正式分裂，鮑羅廷隨國民政府
2945,明朝
2946,武器設計製造
2947,1978年
2948,沒有
2949,50個
2950,科學博物館
2951,冬無嚴寒
2952,1874年
2953,維吾爾語
2954,金泳三
2955,觀察到戰爭對國家的威脅一觸即發
2956,新生代
2957,勒克瑙協定
2958,《國防報告書》
2959,忽必烈
2960,電動機
2961,承辦五大宗教外其他宗教業務
2962,聯合國
2963,內需市場
2964,高商業價值
2965,翻版金日成
2966,啟德機場
2967,瑞士
2968,日本
2969,愛爾蘭語
2970,海森堡
2971,汽運
2972,敦煌石窟
2973,鍾祥蘭台宮
2974,朝鮮
2975,1972年
2976,布里斯托鎊
2977,兩天
2978,喀喇汗國
2979,颶風戰鬥機
2980,黨內上層
2981,1932年
2982,1992年
2983,埃及
2984,2003年1月12日
2985,釣魚臺
2986,紐科門
2987,村民委員會
2988,猶太會堂
2989,三菱長崎造船廠
2990,韓國憲法
2991,岳飛
2992,宿衛軍
2993,道元禪師
2994,1637年
2995,西晉
2996,西人黨
2997,民國26年
2998,中東
2999,北非作戰階段
3000,大朝鮮國
3001,鋼筋混凝土
3002,熱帶稀樹草原
3003,1171年
3004,日韓合併條約
3005,豐臣氏
3006,中產階級
3007,民國四十三年
3008,第45屆日本眾議院議員總選舉
3009,魏源所著聖武記
3010,教宗保祿六世
3011,阿拉伯宗教
3012,2個
3013,梵語
3014,元帝不重視科舉
3015,先發制人入侵薩克森和波西米亞
3016,艾瑪·史東
3017,1629年與1636年
3018,第三產業
3019,兩極
3020,緬甸
3021,25個
3022,喬治·史蒂芬
3023,查士丁尼一世
3024,華北平原
3025,振州
3026,克里米亞[UNK]靼人
3027,李時珍
3028,舊莫比爾
3029,埃及
3030,辛亥革命
3031,六十年代
3032,十年
3033,伊斯蘭教
3034,兵部右侍郎兼都察院右都御史
3035,第二次世界大戰
3036,周恩來
3037,《北京條約》
3038,1976年
3039,1959年
3040,耕地面積
3041,國民議會
3042,真鯛
3043,主動方
3044,生活部
3045,歐洲工業文明崛起後
3046,29萬人
3047,冷戰
3048,300公厘
3049,蘇門達臘
3050,洪邁
3051,淮安區
3052,左手的大拇指
3053,中共中央書記處
3054,2002年
3055,[UNK]
3056,西里爾字母
3057,荷蘭人
3058,中國共產黨紀律檢查機關
3059,第五
3060,契約經濟
3061,鐵路
3062,河本大作大佐
3063,為了保護蒙古人地位
3064,工農業
3065,資本主義
3066,四品
3067,金正恩
3068,戰艦
3069,蘇聯
3070,唐朝至德二年
3071,蘭希佩洛西
3072,1871年1月18日
3073,劉少奇
3074,90年代
3075,溫尼伯國際機場
3076,朝鮮
3077,為了保衛國家
3078,2部
3079,宜蘭旅行社俱樂部
3080,黑龍江
3081,高盧帝國
3082,長水村
3083,八王之亂
3084,居民委員會
3085,民國29年
3086,降低貸款利息
3087,1969年10月17日
3088,通化市
3089,康熙帝
3090,烏茲別克斯坦
3091,玉米
3092,樺樹
3093,建設性的互補夥伴關係
3094,2006年
3095,1987年
3096,馬克思主義
3097,沒有戰鬥機護航
3098,馬加人
3099,清宣統二年
3100,西德
3101,製導
3102,完全臀位
3103,駱克道
3104,71.7公里
3105,西羅馬帝國
3106,自律性
3107,廣電總局
3108,俺巴孩汗被金朝皇帝金熙宗釘在木驢上致死
3109,蔣介石將軍投降，於同年10月25日代表盟軍軍事佔領臺灣。且麥克阿瑟
3110,查理檢查站
3111,通惠河
3112,雲貴高原
3113,喀喇汗國
3114,1914年
3115,紅衫軍運動
3116,第五次北伐
3117,烏來區
3118,綠窗口
3119,電壓
3120,希臘文化
3121,幽州
3122,過多不同族裔分據各方的政局，仍然有動盪不穩定的隱憂
3123,第一次直奉戰爭
3124,1970年代
3125,相聲
3126,平定南昌的寧王宸濠之亂
3127,周恩來
3128,貴霜帝國
3129,1956年
3130,南海縣
3131,《華府風雲》
3132,韓國
3133,過度漢化
3134,60米
3135,李東陽
3136,1919年
3137,[UNK]糯
3138,百萬分之一弧秒/年
3139,印度教
3140,第一座青天白日勳章
3141,尼古拉杜霍寧
3142,浙江紹興浙軍第二旅第六團第三連當見習官
3143,以適應對外開放的需要
3144,信陽市
3145,1782年
3146,1867年
3147,日本武士時代
3148,武漢大學
3149,貝爾格勒
3150,豐田汽車
3151,政府財政撥款
3152,1920年
3153,1972年
3154,柴油
3155,首都
3156,衝突
3157,有絲分裂
3158,卡爾施塔特
3159,拉丁字母
3160,二氧化碳
3161,建國後的幾個十年
3162,《三國演義》
3163,黃琪翔
3164,中國人民銀行
3165,都市
3166,小熊
3167,2016年
3168,土地改革
3169,[UNK].[UNK].[UNK][UNK]
3170,荷蘭皇家研究所
3171,周恩來
3172,1739年
3173,民族文化多元化
3174,《開槍射擊令》
3175,男子商人合營技術學院
3176,商業上的活力
3177,忻城縣
3178,邊界
3179,田春蔚
3180,冬季奧運會
3181,亞屬名
3182,農礦部
3183,艾薩克·牛頓
3184,尼加拉瓜
3185,大王
3186,第一個階段
3187,華沙
3188,麗貝卡·布蘭克
3189,《東方紅》
3190,太平洋戰爭
3191,公元前37年
3192,強迫韓國文壇日語化
3193,莫敦梅
3194,北京
3195,1942年末
3196,巴洛克風格
3197,狄托
3198,15年
3199,古
3200,俗世什
3201,受貨幣經濟影響
3202,昭陵墓誌
3203,1967年
3204,曼努埃爾
3205,西班牙人
3206,31個
3207,西方文明開始衝擊朝鮮半島
3208,新北市立圖書館
3209,北竿島
3210,拉彼魯茲
3211,奧圖·普萊明傑
3212,1235年
3213,鳴沙山沙
3214,核能
3215,馬其頓內部革命組織
3216,2017年
3217,伊斯蘭哈里發軍隊
3218,新北市
3219,量子光學
3220,托土拉島
3221,1945年
3222,400人
3223,鱷魚
3224,格爾拉赫峰
3225,全蒙古是中國的一部分
3226,三跨一懸挑」
3227,被日本人鎮壓
3228,江北地區
3229,拉丁語
3230,19世紀
3231,中山粵菜
3232,匈奴人
3233,鐵穆爾
3234,倭國
3235,1949年
3236,第四次十字軍東征
3237,會長
3238,美國國家稅務局指拿了基督教保守派組織
3239,昆明巫家壩國際機場
3240,豐田汽車
3241,兩棲動物
3242,負責全國邊海防工作
3243,北極熊
3244,1955年
3245,尤金•維格納
3246,13世紀
3247,星系天文學
3248,傑羅姆萊特文教授
3249,漢族
3250,24位
3251,小高加索山脈
3252,中華民國實業部
3253,軍事科研
3254,中國共產黨紀律檢查機關
3255,大雨
3256,民主黨
3257,1636年四月
3258,求其放心
3259,法國獲勝
3260,文化大革命
3261,公元第二世紀
3262,第八航空軍
3263,於1206年統一漠北諸部族後建立的大蒙古國
3264,漢朝軍事壓力
3265,1924年
3266,1日
3267,毛澤東
3268,民國39年
3269,華萊士
3270,從大氣層向外吹送出緻密的恆星風
3271,儲備已由危機時的39億美元恢復到978億美元
3272,經濟大恐慌
3273,民國元年
3274,1941年
3275,1233年
3276,2015年
3277,卡佩爾戰爭
3278,超級英雄
3279,天主教阿爾巴諾羅馬城郊教區主教
3280,維多利亞湖
3281,《關於托勒密和哥白尼兩大世界體系的對話》
3282,馬英九
3283,台北曲藝團
3284,朱文圭
3285,葉名琛
3286,廣島市
3287,監理會
3288,損健康
3289,韓國
3290,沒有
3291,1891米
3292,馬來西亞
3293,烏爾蘇拉
3294,92%
3295,李算
3296,秋明州
3297,物權法
3298,馬林諾夫斯基
3299,1651年
3300,元太祖成吉思汗
3301,劉柳
3302,消極的制度
3303,李宗仁
3304,雙重匯率
3305,1971年
3306,1282年
3307,速度上的優勢
3308,吐蕃文字
3309,小高加索山脈
3310,用來指揮小隊或中隊
3311,明朝
3312,動物脂肪
3313,特殊道路
3314,奈及利亞
3315,1955年
3316,976毫米
3317,佛蘭德
3318,路易·菲利普國王
3319,表演工作坊
3320,1912年
3321,1903年
3322,惰性的鐵
3323,伊斯蘭教
3324,9世紀
3325,特別警察部隊
3326,內蒙古自治政府
3327,獅子外型
3328,宋高宗
3329,西莒島青帆村
3330,美元
3331,黑矮星
3332,獅子派
3333,乾隆皇帝
3334,華滋華斯
3335,1998年
3336,西班牙
3337,朝鮮民主主義人民共和國元帥
3338,成吉思汗時代
3339,意識型態上的極權主義傾向
3340,地中海
3341,1908年
3342,四個月
3343,團長
3344,君士坦丁八世
3345,空氣污染
3346,1949年
3347,岳飛
3348,劉牢之
3349,105名成員的阿拉巴馬州眾議院以及35名
3350,卓袱
3351,五分之四
3352,上海租客
3353,民族主義復活
3354,德國
3355,北方方言
3356,集安
3357,1970年
3358,與氫結成有毒化合物硫化氫後
3359,卡特
3360,五年
3361,瓜拿納樹
3362,特瓦族
3363,髒層
3364,加壓
3365,遺傳物質
3366,戴維·勞合·喬治
3367,海什木
3368,2006年
3369,白[UNK]紀中期
3370,莫里斯哈勒
3371,克勞德夏農
3372,不列顛印度軍隊
3373,1932年
3374,人口較南方多出許多
3375,1964年
3376,通俗科幻小說雜誌
3377,法語
3378,政治主張
3379,國際園藝家協會
3380,合肥市政府
3381,理查特里維西克
3382,一線天目前仍屬重要軍事基地
3383,有意無意
3384,己巳條
3385,幽默的效果
3386,無量山
3387,唐開元二十六年
3388,美國
3389,對於旅客的換乘和貨物運輸十分不利
3390,非常小
3391,1961年
3392,計劃經濟體制
3393,英國
3394,聶耳
3395,模特兒
3396,1284年
3397,民國27年
3398,悉曇體
3399,314
3400,2005年3月20日
3401,43.4%
3402,路易十四
3403,喬治•赫伯特•沃克•布希
3404,1936年
3405,為了繼續吞併全印度
3406,伊利諾州
3407,公元前240年
3408,奧古斯特公爵圖書館
3409,性犯罪
3410,沖積作用
3411,信陽長台關編鐘
3412,第二代
3413,黃大仙區
3414,元世祖忽必烈
3415,1970年代
3416,巴西爾二世
3417,元世祖至元十七年
3418,新式反應裝甲
3419,德川家康
3420,哈大客運專線
3421,「中國民間藝術之鄉」
3422,佛教
3423,恰克圖條約
3424,熱帶雨林氣候
3425,槍擊克羅埃西亞農民黨五名代表
3426,聖凱薩琳教堂
3427,沈葆楨
3428,協助自殺
3429,西晉
3430,美國[UNK]電視台
3431,1985年
3432,24小時
3433,2009年
3434,11世紀
3435,郭松齡
3436,1935年
3437,歐」型恆星
3438,五權憲法
3439,天皇
3440,2014年
3441,花垣鎮
3442,股份制改革
3443,兩年
3444,導彈
3445,1976年
3446,你吃飯了嗎？
3447,15個
3448,宋公
3449,希洛分基地
3450,漢地大都
3451,康熙
3452,景星殿
3453,維克多·雨果
3454,鄧小平
3455,達不到香港女性非常高的擇偶條件
3456,維爾紐斯
3457,民國17年1月
3458,西部片
3459,雜交帶
3460,2000年代
3461,《魔戒》
3462,1958年
3463,儒家思想
3464,1967年
3465,12架
3466,粵西
3467,2008年
3468,總理
3469,1945年
3470,鐮倉幕府發現了後醍醐天皇的倒幕企圖，責令六波羅探題將天皇身邊的日野資朝等人處分
3471,完成了內部自治的體制
3472,倭王權
3473,灣仔碼頭
3474,1991年
3475,約瑟夫
3476,大部分的時間都在國外生活
3477,雙反
3478,大爆炸理論
3479,新南威爾斯學校
3480,良好行為
3481,期思陂
3482,中華人民共和國
3483,朱棣
3484,2000
3485,軍隊士兵主要由穆斯林和印度教徒構成
3486,亞俄
3487,東漢
3488,1941年
3489,生命線類
3490,機場快線
3491,麥茨要塞
3492,溫病學派
